<?xml version="1.0" encoding="utf-8" ?>
<!-- Copyright Vespa.ai. Licensed under the terms of the Apache 2.0 license. See LICENSE in the project root. -->
<services version="1.0" xmlns:deploy="vespa" xmlns:preprocess="properties">

    <admin version='2.0'>
        <adminserver hostalias="node0" />
        <configservers>
            <configserver hostalias="node0" />
            <configserver hostalias="node1" />
            <configserver hostalias="node2" />
        </configservers>
        <cluster-controllers>
            <cluster-controller hostalias="node0" />
            <cluster-controller hostalias="node1" />
            <cluster-controller hostalias="node2" />
        </cluster-controllers>
    </admin>

    <container id="default" version="1.0">
        <document-api/>
        <search/>
        <nodes>
            <jvm options="-Xms32M -Xmx128M"/> <!-- Added only to shrink memory for testing - remove before real use -->
            <node hostalias="node0" />
            <node hostalias="node1" />
            <node hostalias="node2" />
        </nodes>
    </container>

    <content id="music" version="1.0">
        <min-redundancy>3</min-redundancy>
        <engine>
            <proton>
                <searchable-copies>3</searchable-copies>
            </proton>
        </engine>
        <documents>
            <document type="music" mode="index" />
        </documents>
        <nodes>
            <node hostalias="node0" distribution-key="0" />
            <node hostalias="node1" distribution-key="1" />
            <node hostalias="node2" distribution-key="2" />
        </nodes>
    </content>

</services>
